kundenr,fname,ename,epost,tlf,postnummer
1,Mira,Keller,biv-ikacore81@outlook.com,3816128043,3324
2,Johan,Duke,kosidu-dori30@hotmail.com,4762614010,1003
3,London,Cunningham,fadal_acize96@gmail.com,5576433285,3560
4,Claire,Melton,leciy-ejuka9@aol.com,9153542265,1583
5,Kareem,Garrison,mes_ozogasu99@outlook.com,6997949084,1770
6,Kyler,Ferrell,leh-osucuko31@mail.com,2266909939,8720
7,Camryn,Carver,sayeru_vuru32@aol.com,3135307725,5772
8,Edith,Campbell,xikide_bebo26@yahoo.com,9924509590,7239
9,Reed,Glover,vigowe-jepe60@hotmail.com,3854671000,9182
10,Cailyn,Hobbs,vadot-apuwe65@mail.com,7109785329,9614
11,Jade,Mosley,bose_wituwu7@aol.com,8297933744,3585
12,Deandre,Daugherty,suru-wonocu12@outlook.com,3174116246,5509
13,Dallas,Pruitt,ram_efexopa73@yahoo.com,5624299561,14
14,Makhi,Robertson,yohec-orevo83@aol.com,5894865145,4426
15,Mark,Walsh,xitimu_xele44@yahoo.com,7024671819,5684
16,Kamden,Black,vofar_akohi45@yahoo.com,2493584096,4896
17,Andrew,Hale,yafog-onuwa16@mail.com,5708809048,6217
18,Katelynn,Odom,hikoled_usu89@outlook.com,3258537560,2304
19,Francisco,Dalton,meyi_voleji61@outlook.com,9258901177,8239
20,Esther,Davenport,deboy-asuji8@outlook.com,4344092897,9952
21,Tommy,Beltran,zuhunef_iju75@yahoo.com,2659281112,367
22,Aedan,Pennington,kaz-agucopu13@gmail.com,7972177992,7652
23,Daniela,Foley,jogogu-zejo44@outlook.com,7588397545,8261
24,Kolten,Kerr,vay_agiyifu24@hotmail.com,6542543582,9474
25,Junior,Cunningham,tigot_ejane1@yahoo.com,2789853086,6700